method,x_rmse_m,y_rmse_m,position_rmse_m,vx_rmse_mps,vy_rmse_mps,velocity_rmse_mps
Raw GNSS,17.811748721978738,17.798766250493607,25.180438291948406,0.5060507525496909,0.47886648769522644,0.6967068803978262
Low-pass Filter,18.414174785228397,18.363376158125227,26.005680474576,0.47819564611796145,0.48774865401249196,0.6830591668788086
Complementary Filter,12.363948099640751,12.367316917412362,17.487645363122052,0.3096492896821669,0.27120315231171577,0.4116234109285843
